step,train/reward_mean,train/reward_std,train/policy_kl,train/gen_length_mean,train/grad_norm,train/loss,train/learning_rate,train/beta_adaptive,train/clipped_ratio_frac,train/advantage_mean,train/advantage_std,train/turns_mean,train/r1_mean,train/r2_mean,train/r3_mean,train/r4_mean,train/r5_mean,train/episode_seconds,train/wall_seconds
0,0.23750001192092896,0.03750000149011612,0.0,298.5,114823.359375,-0.712910024364989,4.998766400914329e-06,0.0054134113294645085,0.05360134003350084,-1.7881393432617188e-07,0.9999997019767761,1.0,0.0,0.5,0.25,1.0,0.0,48.218929290771484,48.218931436538696
1,0.22499999403953552,0.02499999850988388,0.24667881429195404,512.0,1275.7086181640625,9.130574227498244e-05,4.9950668210706795e-06,1.0,0.0029296875,2.980232238769531e-07,0.9999996423721313,1.0,0.0,0.5,0.16666666666666666,1.0,0.0,70.25092053413391,137.23508620262146
2,0.20000000298023224,0.0,1.2695710062980652,512.0,354.4718933105469,1.2695710062980652,4.9889049115077e-06,1.0,0.0,0.0,0.0,1.0,0.0,0.5,0.0,1.0,0.0,71.08791160583496,208.39757704734802
3,0.22499999403953552,0.02499999850988388,33.40591621398926,512.0,1875.3748779296875,33.40558618307114,4.980286753286196e-06,1.0,0.0009765625,2.980232238769531e-07,0.9999996423721313,1.0,0.0,0.5,0.16666666666666666,1.0,0.0,71.04268431663513,279.51719975471497
4,0.20000000298023224,0.0,0.16279305517673492,512.0,380.9974060058594,0.16279305517673492,4.9692208514878445e-06,1.0,0.001953125,0.0,0.0,1.0,0.0,0.5,0.0,1.0,0.0,70.93272519111633,350.50603699684143
5,0.2750000059604645,0.025000005960464478,1.537640924905336,359.0,848.4664306640625,1.157916310769934,4.9557181268217225e-06,1.0,0.24651810584958217,0.0,0.9999996423721313,1.0,0.0,0.5,0.5,1.0,0.0,49.677541971206665,400.19737815856934
6,0.22499999403953552,0.02499999850988388,1.4892407655715942,512.0,1990.608642578125,1.5975021123886108,4.939791904846869e-06,1.0,0.8125,2.980232238769531e-07,0.9999996423721313,1.0,0.0,0.5,0.16666666666666666,1.0,0.0,70.80898475646973,471.0848321914673
7,0.23750001192092896,0.03750000149011612,1.6569387316703796,512.0,8863.1474609375,1.9544637203216553,4.921457902821578e-06,1.0,0.98828125,-1.7881393432617188e-07,0.9999997019767761,1.0,0.0,0.5,0.25,1.0,0.0,70.95763897895813,542.0735800266266
8,0.22499999403953552,0.02499999850988388,8.187667608261108,512.0,36886.09765625,8.580365716479719,4.900734214192358e-06,1.0,1.0,2.980232238769531e-07,0.9999996423721313,1.0,0.0,0.5,0.16666666666666666,1.0,0.0,70.1955738067627,612.2810528278351
9,0.2750000059604645,0.0,4.321913719177246,512.0,7289.7802734375,4.321913719177246,4.8776412907378845e-06,1.0,1.0,0.0,0.0,1.0,0.0,0.5,0.5,1.0,0.0,70.84438157081604,683.1314382553101
10,0.22499999403953552,0.02499999850988388,8.165202140808105,512.0,3652.26708984375,8.5596160502173,4.852201922385564e-06,1.0,1.0,2.980232238769531e-07,0.9999996423721313,1.0,0.0,0.5,0.16666666666666666,1.0,0.0,69.98148894309998,753.1237456798553
11,0.23750001192092896,0.03750000149011612,7.696106195449829,512.0,2349.498046875,8.08143557049334,4.824441214720629e-06,1.0,1.0,-1.7881393432617188e-07,0.9999997019767761,1.0,0.0,0.5,0.25,1.0,0.0,67.54335594177246,820.6803719997406
12,0.20000000298023224,0.0,7.643335342407227,512.0,3653.33349609375,7.643335342407227,4.794386564209953e-06,1.0,1.0,0.0,0.0,1.0,0.0,0.5,0.0,1.0,0.0,67.54248666763306,888.2352316379547
13,0.26249998807907104,0.012500002980232239,7.627567768096924,512.0,6396.1171875,8.010180462151766,4.762067631165049e-06,1.0,1.0,1.1920928955078125e-06,0.9999991655349731,1.0,0.0,0.5,0.41666666666666663,1.0,0.0,67.33014678955078,955.6209852695465
14,0.23750001192092896,0.03750000149011612,9.380218029022217,512.0,841.142333984375,9.749388586729765,4.72751631047092e-06,1.0,1.0,-1.7881393432617188e-07,0.9999997019767761,1.0,0.0,0.5,0.25,1.0,0.0,68.1282331943512,1023.7624065876007
15,0.22499999403953552,0.02499999850988388,9.720566749572754,512.0,1191.888427734375,10.081191580742598,4.690766700109659e-06,1.0,1.0,2.980232238769531e-07,0.9999996423721313,1.0,0.0,0.5,0.16666666666666666,1.0,0.0,67.85022473335266,1091.6207945346832
16,0.23750001192092896,0.03750000149011612,8.329447269439697,512.0,601.789794921875,8.66938991099596,4.65185506750986e-06,1.0,1.0,-1.7881393432617188e-07,0.9999997019767761,1.0,0.0,0.5,0.25,1.0,0.0,67.7905867099762,1159.4211254119873
17,0.20000000298023224,0.0,8.201901912689209,512.0,576.3935546875,8.201901912689209,4.610819813755038e-06,1.0,1.0,0.0,0.0,1.0,0.0,0.5,0.0,1.0,0.0,67.69404244422913,1227.1282658576965
18,0.26249998807907104,0.012500002980232239,9.586509704589844,512.0,943.4844970703125,9.969062559306622,4.567701435686405e-06,1.0,1.0,1.1920928955078125e-06,0.9999991655349731,1.0,0.0,0.5,0.41666666666666663,1.0,0.0,67.44838881492615,1294.598206281662
19,0.22499999403953552,0.02499999850988388,9.138758182525635,512.0,316.968994140625,9.495770625770092,4.522542485937369e-06,1.0,1.0,2.980232238769531e-07,0.9999996423721313,1.0,0.0,0.5,0.16666666666666666,1.0,0.0,67.45696091651917,1362.0761518478394
20,0.20000000298023224,0.0,8.837590217590332,512.0,480.7676086425781,8.837590217590332,4.475387530939226e-06,1.0,1.0,0.0,0.0,1.0,0.0,0.5,0.0,1.0,0.0,68.05467915534973,1430.1456677913666
21,0.26249998807907104,0.012500002980232239,8.960160255432129,512.0,413.0624694824219,9.287773467600346,4.426283106939474e-06,1.0,1.0,1.1920928955078125e-06,0.9999991655349731,1.0,0.0,0.5,0.41666666666666663,1.0,0.0,70.29117703437805,1500.4530146121979
22,0.20000000298023224,0.0,7.443153619766235,512.0,162.0207061767578,7.443153619766235,4.3752776740761495e-06,1.0,1.0,0.0,0.0,1.0,0.0,0.5,0.0,1.0,0.0,72.426842212677,1572.9099066257477
23,0.22499999403953552,0.02499999850988388,8.425530910491943,512.0,871.9725952148438,8.699727147817612,4.322421568553529e-06,1.0,1.0,2.980232238769531e-07,0.9999996423721313,1.0,0.0,0.5,0.16666666666666666,1.0,0.0,69.98244118690491,1642.9018795490265
24,0.20000000298023224,0.0,8.014596462249756,512.0,965.9417724609375,8.014596462249756,4.267766952966369e-06,1.0,1.0,0.0,0.0,1.0,0.0,0.5,0.0,1.0,0.0,68.14925122261047,1711.0970788002014
25,0.25,0.05000000447034836,7.1574671268463135,512.0,138.4144744873047,7.282804310321808,4.211367764821722e-06,1.0,1.0,1.4901161193847656e-07,0.9999997615814209,1.0,0.0,0.5,0.3333333333333333,1.0,0.0,68.30155515670776,1779.419358253479
26,0.22499999403953552,0.02499999850988388,6.719067096710205,512.0,135.78948974609375,6.838946729898453,4.15327966330913e-06,1.0,1.0,2.980232238769531e-07,0.9999996423721313,1.0,0.0,0.5,0.16666666666666666,1.0,0.0,69.166836977005,1848.8150506019592
27,0.25,0.0,6.880171060562134,512.0,154.04454040527344,6.880171060562134,4.093559974371725e-06,1.0,1.0,0.0,0.0,1.0,0.0,0.5,0.3333333333333333,1.0,0.0,77.22749400138855,1926.0755944252014
28,0.22499999403953552,0.02499999850988388,6.684595108032227,512.0,70.61930847167969,6.738452643156052,4.032267634132442e-06,1.0,1.0,2.980232238769531e-07,0.9999996423721313,1.0,0.0,0.5,0.16666666666666666,1.0,0.0,73.59144234657288,1999.6759722232819
29,0.22499999403953552,0.02499999850988388,6.941539764404297,512.0,37.16769027709961,6.954666018486023,3.969463130731183e-06,1.0,0.2119140625,2.980232238769531e-07,0.9999996423721313,1.0,0.0,0.5,0.16666666666666666,1.0,0.0,75.83542132377625,2075.5220143795013
30,0.20000000298023224,0.0,6.567880868911743,512.0,29.389530181884766,6.567880868911743,3.905208444630326e-06,1.0,0.107421875,0.0,0.0,1.0,0.0,0.5,0.0,1.0,0.0,69.79906249046326,2145.334507703781
31,0.20000000298023224,0.0,6.595531940460205,512.0,34.41897201538086,6.595531940460205,3.839566987447492e-06,1.0,0.0859375,0.0,0.0,1.0,0.0,0.5,0.0,1.0,0.0,76.85028076171875,2222.2456052303314
32,0.25,0.05000000447034836,6.6560094356536865,512.0,17.290372848510742,6.657062649726868,3.772603539375929e-06,1.0,0.03125,1.4901161193847656e-07,0.9999997615814209,1.0,0.0,0.5,0.3333333333333333,1.0,0.0,69.2699704170227,2291.5297842025757
33,0.22499999403953552,0.02499999850988388,6.69818377494812,512.0,20.774219512939453,6.7009996473789215,3.7043841852542884e-06,1.0,0.0283203125,2.980232238769531e-07,0.9999996423721313,1.0,0.0,0.5,0.16666666666666666,1.0,0.0,69.79768514633179,2361.335871696472
34,0.25,0.05000000447034836,6.445879936218262,512.0,11.945579528808594,6.448269009590149,3.634976249348867e-06,1.0,0.01953125,1.4901161193847656e-07,0.9999997615814209,1.0,0.0,0.5,0.3333333333333333,1.0,0.0,69.56711721420288,2430.9126896858215
35,0.23750001192092896,0.03750000149011612,6.547977447509766,512.0,14.001886367797852,6.55155223608017,3.564448228912682e-06,1.0,0.0126953125,-1.7881393432617188e-07,0.9999997019767761,1.0,0.0,0.5,0.25,1.0,0.0,69.44959926605225,2500.369120836258
36,0.26249998807907104,0.012500002980232239,6.760694265365601,512.0,4.515873908996582,6.762697726488113,3.4928697265869516e-06,1.0,0.013671875,1.1920928955078125e-06,0.9999991655349731,1.0,0.0,0.5,0.41666666666666663,1.0,0.0,69.52565121650696,2569.905326604843
37,0.20000000298023224,0.0,6.807700157165527,512.0,7.7571120262146,6.807700157165527,3.4203113817116955e-06,1.0,0.0078125,0.0,0.0,1.0,0.0,0.5,0.0,1.0,0.0,70.48783707618713,2640.430883407593
38,0.23750001192092896,0.03750000149011612,6.688688516616821,512.0,5.530215263366699,6.689109355211258,3.346844800613229e-06,1.0,0.0068359375,-1.7881393432617188e-07,0.9999997019767761,1.0,0.0,0.5,0.25,1.0,0.0,70.37578582763672,2710.816404104233
39,0.26249998807907104,0.012500002980232239,6.5126683712005615,512.0,5.260288238525391,6.512393444776535,3.272542485937369e-06,1.0,0.0087890625,1.1920928955078125e-06,0.9999991655349731,1.0,0.0,0.5,0.41666666666666663,1.0,0.0,71.76503205299377,2782.6070868968964
40,0.20000000298023224,0.0,6.625977039337158,512.0,4.021104335784912,6.625977039337158,3.1974777650980737e-06,1.0,0.00390625,0.0,0.0,1.0,0.0,0.5,0.0,1.0,0.0,70.34480810165405,2852.988174676895
41,0.2750000059604645,0.0,6.569685220718384,512.0,4.069843292236328,6.569685220718384,3.121724717912138e-06,1.0,0.0048828125,0.0,0.0,1.0,0.0,0.5,0.5,1.0,0.0,70.14173436164856,2923.1404798030853
42,0.26249998807907104,0.012500002980232239,6.634759426116943,512.0,3.6649978160858154,6.63480019569397,3.045358103491357e-06,1.0,0.0009765625,1.1920928955078125e-06,0.9999991655349731,1.0,0.0,0.5,0.41666666666666663,1.0,0.0,70.07956719398499,2993.230342388153
43,0.20000000298023224,0.0,6.665409803390503,512.0,7.362264633178711,6.665409803390503,2.9684532864643123e-06,1.0,0.0068359375,0.0,0.0,1.0,0.0,0.5,0.0,1.0,0.0,67.71148324012756,3060.9563620090485
44,0.20000000298023224,0.0,6.562659502029419,512.0,4.786133289337158,6.562659502029419,2.8910861626005774e-06,1.0,0.0048828125,0.0,0.0,1.0,0.0,0.5,0.0,1.0,0.0,68.04708433151245,3129.02321434021
45,0.22499999403953552,0.02499999850988388,6.811275482177734,512.0,2.832031726837158,6.811432421207428,2.813333083910761e-06,1.0,0.0009765625,2.980232238769531e-07,0.9999996423721313,1.0,0.0,0.5,0.16666666666666666,1.0,0.0,67.88817358016968,3196.926058292389
46,0.26249998807907104,0.012500002980232239,6.729470252990723,512.0,2.458949089050293,6.729823440313339,2.7352707832962865e-06,1.0,0.0009765625,1.1920928955078125e-06,0.9999991655349731,1.0,0.0,0.5,0.41666666666666663,1.0,0.0,67.66723012924194,3264.606023311615
47,0.23750001192092896,0.03750000149011612,6.646218776702881,512.0,0.8483266234397888,6.646916836500168,2.6569762988232838e-06,1.0,0.0029296875,-1.7881393432617188e-07,0.9999997019767761,1.0,0.0,0.5,0.25,1.0,0.0,66.94596481323242,3331.5662202835083
48,0.22499999403953552,0.02499999850988388,6.701812028884888,512.0,15.407252311706543,6.702155947685242,2.578526897695321e-06,1.0,0.0087890625,2.980232238769531e-07,0.9999996423721313,1.0,0.0,0.5,0.16666666666666666,1.0,0.0,67.60091876983643,3399.1932411193848
49,0.25,0.05000000447034836,6.817770719528198,512.0,7.1781439781188965,6.817132115364075,2.5e-06,1.0,0.0068359375,1.4901161193847656e-07,0.9999997615814209,1.0,0.0,0.5,0.3333333333333333,1.0,0.0,67.6434977054596,3466.9271087646484
50,0.20000000298023224,0.0,6.545976638793945,512.0,2.1031723022460938,6.545976638793945,2.4214731023046795e-06,1.0,0.00390625,0.0,0.0,1.0,0.0,0.5,0.0,1.0,0.0,68.45144319534302,3538.840970516205
51,0.25,0.0,6.454456329345703,512.0,3.821763038635254,6.454456329345703,2.3430237011767166e-06,1.0,0.0,0.0,0.0,1.0,0.0,0.5,0.3333333333333333,1.0,0.0,68.41207981109619,3607.527051448822
52,0.23750001192092896,0.03750000149011612,6.503291845321655,512.0,2.886185884475708,6.5032612681388855,2.2647292167037143e-06,1.0,0.0009765625,-1.7881393432617188e-07,0.9999997019767761,1.0,0.0,0.5,0.25,1.0,0.0,68.03170442581177,3675.5682837963104
53,0.22499999403953552,0.02499999850988388,6.646700143814087,512.0,1.398567795753479,6.646546572446823,2.186666916089239e-06,1.0,0.0,2.980232238769531e-07,0.9999996423721313,1.0,0.0,0.5,0.16666666666666666,1.0,0.0,68.14163947105408,3743.7376580238342
54,0.25,0.05000000447034836,6.59146523475647,512.0,2.1298911571502686,6.59188786149025,2.1089138373994226e-06,1.0,0.0009765625,1.4901161193847656e-07,0.9999997615814209,1.0,0.0,0.5,0.3333333333333333,1.0,0.0,68.31962633132935,3812.0735783576965
55,0.22499999403953552,0.02499999850988388,6.664849042892456,512.0,0.9241100549697876,6.664680689573288,2.031546713535688e-06,1.0,0.0,2.980232238769531e-07,0.9999996423721313,1.0,0.0,0.5,0.16666666666666666,1.0,0.0,68.39090156555176,3880.4765405654907
56,0.20000000298023224,0.0,6.80838680267334,512.0,0.7189382910728455,6.80838680267334,1.9546418965086444e-06,1.0,0.0,0.0,0.0,1.0,0.0,0.5,0.0,1.0,0.0,68.42561984062195,3948.915168762207
57,0.2875000238418579,0.012500002980232239,6.55322265625,512.0,0.6685672402381897,6.553256094455719,1.8782752820878636e-06,1.0,0.0,-1.1920928955078125e-06,0.9999991655349731,1.0,0.0,0.5,0.5833333333333333,1.0,0.0,68.64740538597107,4017.5792932510376
58,0.25,0.05000000447034836,6.450546741485596,512.0,1.613724708557129,6.450201332569122,1.8025222349019273e-06,1.0,0.001953125,1.4901161193847656e-07,0.9999997615814209,1.0,0.0,0.5,0.3333333333333333,1.0,0.0,68.4027144908905,4085.992217063904
59,0.22499999403953552,0.02499999850988388,6.779865980148315,512.0,0.2617391049861908,6.779872238636017,1.7274575140626318e-06,1.0,0.0,2.980232238769531e-07,0.9999996423721313,1.0,0.0,0.5,0.16666666666666666,1.0,0.0,68.60163950920105,4154.637866258621
60,0.20000000298023224,0.0,6.607267141342163,512.0,0.75919508934021,6.607267141342163,1.6531551993867717e-06,1.0,0.0,0.0,0.0,1.0,0.0,0.5,0.0,1.0,0.0,68.14146614074707,4222.794612169266
61,0.23750001192092896,0.03750000149011612,6.624663591384888,512.0,0.18172264099121094,6.624581545591354,1.5796886182883053e-06,1.0,0.0,-1.7881393432617188e-07,0.9999997019767761,1.0,0.0,0.5,0.25,1.0,0.0,68.3393235206604,4291.144097805023
62,0.2750000059604645,0.0,6.826480865478516,512.0,0.45516496896743774,6.826480865478516,1.5071302734130488e-06,1.0,0.0,0.0,0.0,1.0,0.0,0.5,0.5,1.0,0.0,68.4289562702179,4359.584978818893
63,0.20000000298023224,0.0,6.897211074829102,512.0,0.3354370594024658,6.897211074829102,1.4355517710873184e-06,1.0,0.0,0.0,0.0,1.0,0.0,0.5,0.0,1.0,0.0,67.2838282585144,4426.883489608765
64,0.26249998807907104,0.012500002980232239,6.4276123046875,512.0,0.3659590482711792,6.427502006292343,1.3650237506511333e-06,1.0,0.0009765625,1.1920928955078125e-06,0.9999991655349731,1.0,0.0,0.5,0.41666666666666663,1.0,0.0,67.60134840011597,4494.4991726875305
65,0.22499999403953552,0.02499999850988388,6.658298015594482,512.0,0.225115567445755,6.658309906721115,1.2956158147457116e-06,1.0,0.0,2.980232238769531e-07,0.9999996423721313,1.0,0.0,0.5,0.16666666666666666,1.0,0.0,67.79648852348328,4562.3239958286285
66,0.20000000298023224,0.0,6.542628049850464,512.0,0.3315087854862213,6.542628049850464,1.2273964606240718e-06,1.0,0.0,0.0,0.0,1.0,0.0,0.5,0.0,1.0,0.0,68.30469059944153,4630.6409504413605
67,0.203000009059906,0.00299999862909317,6.616043567657471,512.0,0.06986883282661438,6.616103649139404,1.160433012552508e-06,1.0,0.0,-2.5033950805664062e-06,0.9999966621398926,1.0,0.0,0.5,0.25,1.0,0.0,67.42597532272339,4698.09503030777
68,0.22499999403953552,0.02499999850988388,6.468272686004639,512.0,0.1265254020690918,6.468460500240326,1.0947915553696742e-06,1.0,0.0009765625,2.980232238769531e-07,0.9999996423721313,1.0,0.0,0.5,0.16666666666666666,1.0,0.0,67.68893003463745,4765.8070385456085
69,0.23750001192092896,0.03750000149011612,6.535107135772705,512.0,0.1632208377122879,6.535099774599075,1.0305368692688175e-06,1.0,0.0,-1.7881393432617188e-07,0.9999997019767761,1.0,0.0,0.5,0.25,1.0,0.0,68.11121606826782,4833.979709386826
70,0.2875000238418579,0.012500002980232239,6.535387277603149,512.0,0.22517934441566467,6.535300821065903,9.677323658675594e-07,1.0,0.0,-1.1920928955078125e-06,0.9999991655349731,1.0,0.0,0.5,0.5833333333333333,1.0,0.0,67.6475100517273,4901.641134738922
71,0.20000000298023224,0.0,6.708882093429565,512.0,0.2047017365694046,6.708882093429565,9.064400256282757e-07,1.0,0.0009765625,0.0,0.0,1.0,0.0,0.5,0.0,1.0,0.0,67.48910999298096,4969.148658037186
72,0.25,0.0,6.43555212020874,512.0,0.23132912814617157,6.43555212020874,8.467203366908708e-07,1.0,0.0,0.0,0.0,1.0,0.0,0.5,0.3333333333333333,1.0,0.0,68.05825614929199,5037.2750861644745
73,0.2750000059604645,0.025000005960464478,6.3729071617126465,512.0,0.18606896698474884,6.372854292392731,7.886322351782782e-07,1.0,0.0,0.0,0.9999996423721313,1.0,0.0,0.5,0.5,1.0,0.0,68.09794473648071,5105.40055513382
74,0.20000000298023224,0.0,6.394914627075195,512.0,0.1410241723060608,6.394914627075195,7.322330470336314e-07,1.0,0.0,0.0,0.0,1.0,0.0,0.5,0.0,1.0,0.0,67.87288284301758,5173.29497218132
75,0.23750001192092896,0.03750000149011612,6.699611663818359,512.0,0.1299375295639038,6.699579983949661,6.775784314464717e-07,1.0,0.0,-1.7881393432617188e-07,0.9999997019767761,1.0,0.0,0.5,0.25,1.0,0.0,67.92908334732056,5241.265656709671
76,0.23750001192092896,0.03750000149011612,6.637796640396118,512.0,0.17096494138240814,6.63787168264389,6.247223259238511e-07,1.0,0.0,-1.7881393432617188e-07,0.9999997019767761,1.0,0.0,0.5,0.25,1.0,0.0,68.84159755706787,5310.377714633942
77,0.20000000298023224,0.0,6.599431991577148,512.0,0.10168323665857315,6.599431991577148,5.737168930605272e-07,1.0,0.0,0.0,0.0,1.0,0.0,0.5,0.0,1.0,0.0,68.27831792831421,5378.668410539627
78,0.23750001192092896,0.03750000149011612,6.649322986602783,512.0,0.09175197035074234,6.649339824914932,5.24612469060774e-07,1.0,0.0,-1.7881393432617188e-07,0.9999997019767761,1.0,0.0,0.5,0.25,1.0,0.0,67.60602593421936,5446.293593883514
79,0.25,0.05000000447034836,6.674534797668457,512.0,0.3593483865261078,6.674382269382477,4.774575140626317e-07,1.0,0.0,1.4901161193847656e-07,0.9999997615814209,1.0,0.0,0.5,0.3333333333333333,1.0,0.0,67.62420630455017,5513.937417507172
80,0.25,0.05000000447034836,6.366158962249756,512.0,0.7107150554656982,6.366029888391495,4.3229856431359516e-07,1.0,0.0009765625,1.4901161193847656e-07,0.9999997615814209,1.0,0.0,0.5,0.3333333333333333,1.0,0.0,67.84745478630066,5581.798931360245
81,0.2750000059604645,0.0,6.342113018035889,512.0,0.08391701430082321,6.342113018035889,3.891801862449629e-07,1.0,0.0,0.0,0.0,1.0,0.0,0.5,0.5,1.0,0.0,67.86131691932678,5649.680575847626
82,0.25,0.05000000447034836,6.6412434577941895,512.0,0.07457154989242554,6.641217529773712,3.481449324901412e-07,1.0,0.0,1.4901161193847656e-07,0.9999997615814209,1.0,0.0,0.5,0.3333333333333333,1.0,0.0,67.82396125793457,5717.514670848846
83,0.2750000059604645,0.025000005960464478,6.750959157943726,512.0,0.05663999170064926,6.750983953475952,3.092332998903416e-07,1.0,0.0,0.0,0.9999996423721313,1.0,0.0,0.5,0.5,1.0,0.0,67.94946336746216,5785.475661039352
84,0.25,0.05000000447034836,6.540222644805908,512.0,0.04848634451627731,6.540286630392075,2.7248368952908055e-07,1.0,0.0,1.4901161193847656e-07,0.9999997615814209,1.0,0.0,0.5,0.3333333333333333,1.0,0.0,68.40630149841309,5853.895103216171
85,0.2750000059604645,0.0,6.671170473098755,512.0,0.06767906993627548,6.671170473098755,2.3793236883495164e-07,1.0,0.0,0.0,0.0,1.0,0.0,0.5,0.5,1.0,0.0,68.48497700691223,5922.425119161606
86,0.20000000298023224,0.0,6.4692792892456055,512.0,0.34758561849594116,6.4692792892456055,2.0561343579004716e-07,1.0,0.0009765625,0.0,0.0,1.0,0.0,0.5,0.0,1.0,0.0,68.33295011520386,5990.771816730499
87,0.22499999403953552,0.02499999850988388,6.492162227630615,512.0,0.10952085256576538,6.492136478424072,1.7555878527937164e-07,1.0,0.0,2.980232238769531e-07,0.9999996423721313,1.0,0.0,0.5,0.16666666666666666,1.0,0.0,68.24338984489441,6059.027973413467
88,0.23750001192092896,0.03750000149011612,6.292478084564209,512.0,0.08613956719636917,6.29246911406517,1.4779807761443638e-07,1.0,0.0,-1.7881393432617188e-07,0.9999997019767761,1.0,0.0,0.5,0.25,1.0,0.0,69.67457818984985,6128.717672586441
89,0.2750000059604645,0.025000005960464478,6.800068378448486,512.0,0.07087409496307373,6.80010113120079,1.223587092621162e-07,1.0,0.0,0.0,0.9999996423721313,1.0,0.0,0.5,0.5,1.0,0.0,71.75866508483887,6200.489709377289
90,0.22499999403953552,0.02499999850988388,6.759126663208008,512.0,0.12900032103061676,6.759095072746277,9.926578580764234e-08,1.0,0.0,2.980232238769531e-07,0.9999996423721313,1.0,0.0,0.5,0.16666666666666666,1.0,0.0,68.71959662437439,6269.220626115799
91,0.20000000298023224,0.0,6.60054087638855,512.0,0.0460418276488781,6.60054087638855,7.854209717842231e-08,1.0,0.0,0.0,0.0,1.0,0.0,0.5,0.0,1.0,0.0,69.66037440299988,6338.917540550232
92,0.25,0.05000000447034836,6.968667268753052,512.0,0.14510861039161682,6.968566060066223,6.020809515313141e-08,1.0,0.0,1.4901161193847656e-07,0.9999997615814209,1.0,0.0,0.5,0.3333333333333333,1.0,0.0,68.7196273803711,6407.676869869232
93,0.20000000298023224,0.0,6.7536680698394775,512.0,0.08584025502204895,6.7536680698394775,4.428187317827848e-08,1.0,0.0,0.0,0.0,1.0,0.0,0.5,0.0,1.0,0.0,68.66800689697266,6476.37233877182
94,0.25,0.05000000447034836,6.37150764465332,512.0,0.06311485916376114,6.371479630470276,3.077914851215585e-08,1.0,0.0,1.4901161193847656e-07,0.9999997615814209,1.0,0.0,0.5,0.3333333333333333,1.0,0.0,68.10760545730591,6544.496387720108
95,0.26249998807907104,0.012500002980232239,6.747125864028931,512.0,0.09815520793199539,6.7470890283584595,1.9713246713805588e-08,1.0,0.0,1.1920928955078125e-06,0.9999991655349731,1.0,0.0,0.5,0.41666666666666663,1.0,0.0,67.59359216690063,6612.108088254929
96,0.25,0.0,6.841522693634033,512.0,0.09044258296489716,6.841522693634033,1.109508849230001e-08,1.0,0.0,0.0,0.0,1.0,0.0,0.5,0.3333333333333333,1.0,0.0,67.38511610031128,6679.5059287548065
97,0.23750001192092896,0.03750000149011612,6.557358741760254,512.0,0.06516006588935852,6.557363331317902,4.933178929321103e-09,1.0,0.0,-1.7881393432617188e-07,0.9999997019767761,1.0,0.0,0.5,0.25,1.0,0.0,67.39749765396118,6746.919906616211
98,0.30000001192092896,0.0,6.502868890762329,512.0,0.04515722021460533,6.502868890762329,1.2335990856710001e-09,1.0,0.0,0.0,0.0,1.0,0.0,0.5,0.6666666666666666,1.0,0.0,67.7849690914154,6814.7143013477325
99,0.25,0.05000000447034836,6.595683813095093,512.0,0.09106983989477158,6.5956467390060425,0.0,1.0,0.0,1.4901161193847656e-07,0.9999997615814209,1.0,0.0,0.5,0.3333333333333333,1.0,0.0,67.81123685836792,6882.539839029312
