task_id,without_mcp_pass,with_mcp_pass,without_mcp_reason,with_mcp_reason
1,0,0,assertion_error,assertion_error
2,1,1,pass,pass
3,1,1,pass,pass
4,1,1,pass,pass
5,0,0,assertion_error,assertion_error
6,1,1,pass,pass
7,1,1,pass,pass
8,1,1,pass,pass
9,0,0,assertion_error,assertion_error
10,1,1,pass,pass
11,1,1,pass,pass
12,1,1,pass,pass
13,0,0,assertion_error,assertion_error
14,0,0,assertion_error,assertion_error
15,0,0,runtime_error,assertion_error
16,0,0,assertion_error,assertion_error
17,1,1,pass,pass
18,1,1,pass,pass
19,1,1,pass,pass
20,0,0,assertion_error,assertion_error
21,0,0,assertion_error,assertion_error
22,0,0,assertion_error,assertion_error
23,1,1,pass,pass
24,0,0,runtime_error,runtime_error
25,0,1,assertion_error,pass
26,0,0,assertion_error,assertion_error
27,0,0,assertion_error,assertion_error
28,0,1,name_error,pass
29,1,1,pass,pass
30,1,0,pass,assertion_error
31,0,0,assertion_error,assertion_error
32,0,1,assertion_error,pass
33,0,0,name_error,name_error
34,0,0,assertion_error,runtime_error
35,1,0,pass,assertion_error
36,0,0,runtime_error,runtime_error
37,0,0,runtime_error,runtime_error
38,1,0,pass,assertion_error
39,0,0,assertion_error,name_error
40,1,1,pass,pass
41,1,1,pass,pass
42,1,0,pass,assertion_error
43,0,0,assertion_error,assertion_error
44,0,0,assertion_error,assertion_error
45,0,0,name_error,name_error
46,1,1,pass,pass
47,0,0,assertion_error,assertion_error
48,0,0,assertion_error,assertion_error
49,1,1,pass,pass
50,1,1,pass,pass
51,1,1,pass,pass
52,1,1,pass,pass
53,0,0,assertion_error,assertion_error
54,1,1,pass,pass
55,1,0,pass,assertion_error
56,1,0,pass,assertion_error
57,1,1,pass,pass
58,1,1,pass,pass
59,0,0,assertion_error,assertion_error
60,0,0,assertion_error,runtime_error
61,0,0,syntax_error,assertion_error
62,1,1,pass,pass
63,0,0,assertion_error,assertion_error
64,0,1,runtime_error,pass
65,0,0,runtime_error,runtime_error
66,1,1,pass,pass
67,0,0,runtime_error,runtime_error
68,1,1,pass,pass
69,0,0,assertion_error,assertion_error
70,0,0,assertion_error,assertion_error
71,0,0,assertion_error,assertion_error
72,0,0,assertion_error,assertion_error
73,1,1,pass,pass
74,0,0,assertion_error,assertion_error
75,0,0,assertion_error,assertion_error
76,0,0,assertion_error,assertion_error
77,0,0,assertion_error,assertion_error
78,0,0,assertion_error,assertion_error
79,1,1,pass,pass
80,0,0,assertion_error,assertion_error
81,0,0,assertion_error,assertion_error
82,0,1,assertion_error,pass
83,0,0,assertion_error,assertion_error
84,0,0,assertion_error,assertion_error
85,1,1,pass,pass
86,0,0,assertion_error,assertion_error
87,0,0,assertion_error,assertion_error
88,1,1,pass,pass
89,1,1,pass,pass
90,1,1,pass,pass
91,0,0,assertion_error,assertion_error
92,0,0,assertion_error,assertion_error
93,1,1,pass,pass
94,1,1,pass,pass
95,1,1,pass,pass
96,0,1,assertion_error,pass
97,0,0,assertion_error,name_error
98,0,0,name_error,name_error
99,1,1,pass,pass
100,1,1,pass,pass
101,0,1,assertion_error,pass
102,1,1,pass,pass
103,0,0,assertion_error,assertion_error
104,1,1,pass,pass
105,1,1,pass,pass
106,0,0,runtime_error,runtime_error
107,0,0,runtime_error,runtime_error
108,0,0,assertion_error,runtime_error
109,0,0,assertion_error,assertion_error
110,0,0,assertion_error,assertion_error
111,1,1,pass,pass
112,1,1,pass,pass
113,1,1,pass,pass
114,0,0,assertion_error,runtime_error
115,1,1,pass,pass
116,1,1,pass,pass
117,0,0,assertion_error,assertion_error
118,1,1,pass,pass
119,1,0,pass,assertion_error
120,1,1,pass,pass
121,1,0,pass,assertion_error
122,0,0,assertion_error,name_error
123,0,0,assertion_error,name_error
124,0,0,assertion_error,assertion_error
125,0,0,assertion_error,assertion_error
126,0,0,runtime_error,runtime_error
127,1,1,pass,pass
128,0,0,assertion_error,assertion_error
129,0,0,assertion_error,assertion_error
130,0,1,assertion_error,pass
131,1,1,pass,pass
132,1,1,pass,pass
133,1,1,pass,pass
134,0,0,assertion_error,runtime_error
135,1,1,pass,pass
136,0,0,assertion_error,assertion_error
137,0,0,assertion_error,assertion_error
138,0,0,assertion_error,assertion_error
139,0,0,assertion_error,assertion_error
140,0,0,assertion_error,assertion_error
141,0,0,assertion_error,assertion_error
142,0,0,assertion_error,assertion_error
143,0,0,assertion_error,assertion_error
144,0,0,assertion_error,assertion_error
145,1,1,pass,pass
146,0,0,assertion_error,assertion_error
147,0,0,runtime_error,assertion_error
148,0,0,assertion_error,assertion_error
149,0,0,assertion_error,assertion_error
150,0,0,assertion_error,assertion_error
151,0,0,name_error,name_error
152,1,1,pass,pass
153,1,1,pass,pass
154,1,1,pass,pass
155,0,0,assertion_error,assertion_error
156,0,0,runtime_error,runtime_error
157,0,0,assertion_error,name_error
158,0,0,assertion_error,assertion_error
159,1,1,pass,pass
160,0,0,assertion_error,assertion_error
161,1,1,pass,pass
162,1,1,pass,pass
163,0,1,name_error,pass
164,0,0,assertion_error,assertion_error
165,1,1,pass,pass
166,1,1,pass,pass
167,0,0,assertion_error,name_error
168,1,1,pass,pass
169,1,1,pass,pass
170,1,1,pass,pass
171,1,1,pass,pass
172,1,1,pass,pass
173,1,1,pass,pass
174,0,0,name_error,name_error
175,0,0,name_error,name_error
176,1,1,pass,pass
177,0,0,name_error,assertion_error
178,0,1,assertion_error,pass
179,0,0,assertion_error,assertion_error
180,0,0,assertion_error,assertion_error
181,1,1,pass,pass
182,0,0,assertion_error,assertion_error
183,0,0,assertion_error,runtime_error
184,1,1,pass,pass
185,0,0,assertion_error,assertion_error
186,0,0,assertion_error,assertion_error
187,1,1,pass,pass
188,0,0,assertion_error,assertion_error
189,1,1,pass,pass
190,0,0,assertion_error,assertion_error
191,1,1,pass,pass
192,1,1,pass,pass
193,1,1,pass,pass
194,0,0,runtime_error,name_error
195,1,0,pass,assertion_error
196,1,1,pass,pass
197,1,1,pass,pass
198,0,0,assertion_error,assertion_error
199,1,1,pass,pass
200,1,1,pass,pass
201,1,1,pass,pass
202,0,0,assertion_error,assertion_error
203,1,1,pass,pass
204,1,1,pass,pass
205,0,0,assertion_error,assertion_error
206,0,0,assertion_error,assertion_error
207,0,0,assertion_error,assertion_error
208,1,1,pass,pass
209,0,0,assertion_error,assertion_error
210,1,1,pass,pass
211,1,1,pass,pass
212,1,1,pass,pass
213,1,1,pass,pass
214,0,0,assertion_error,assertion_error
215,0,0,runtime_error,runtime_error
216,0,0,runtime_error,runtime_error
217,0,0,assertion_error,assertion_error
218,0,0,assertion_error,assertion_error
219,0,0,assertion_error,assertion_error
220,0,0,assertion_error,assertion_error
221,1,1,pass,pass
222,1,1,pass,pass
223,1,1,pass,pass
224,1,1,pass,pass
225,1,1,pass,pass
226,1,1,pass,pass
227,1,1,pass,pass
228,0,0,assertion_error,runtime_error
229,0,0,assertion_error,assertion_error
230,1,1,pass,pass
231,1,1,pass,pass
232,0,1,assertion_error,pass
233,0,0,name_error,name_error
234,1,1,pass,pass
235,0,0,assertion_error,assertion_error
236,0,0,assertion_error,assertion_error
237,0,0,name_error,name_error
238,1,0,pass,assertion_error
239,0,0,assertion_error,assertion_error
240,0,0,assertion_error,assertion_error
241,0,0,name_error,assertion_error
242,1,1,pass,pass
243,0,0,assertion_error,assertion_error
244,1,1,pass,pass
245,0,0,name_error,assertion_error
246,1,1,pass,pass
247,1,1,pass,pass
248,0,0,assertion_error,assertion_error
249,0,0,assertion_error,assertion_error
250,1,1,pass,pass
251,0,0,assertion_error,assertion_error
252,0,1,name_error,pass
253,1,1,pass,pass
254,0,0,assertion_error,assertion_error
255,0,0,name_error,assertion_error
256,0,1,assertion_error,pass
257,1,1,pass,pass
258,1,1,pass,pass
259,0,0,assertion_error,assertion_error
260,0,0,assertion_error,assertion_error
261,1,1,pass,pass
262,1,1,pass,pass
263,1,1,pass,pass
264,0,0,assertion_error,assertion_error
265,1,1,pass,pass
266,1,1,pass,pass
267,1,1,pass,pass
268,0,0,assertion_error,assertion_error
269,1,1,pass,pass
270,1,1,pass,pass
271,1,1,pass,pass
272,1,1,pass,pass
273,1,1,pass,pass
274,0,0,assertion_error,name_error
275,0,0,assertion_error,assertion_error
276,0,0,assertion_error,assertion_error
277,0,0,assertion_error,assertion_error
278,0,0,assertion_error,assertion_error
279,0,0,assertion_error,assertion_error
280,1,1,pass,pass
281,1,1,pass,pass
282,0,0,assertion_error,assertion_error
283,0,0,assertion_error,assertion_error
284,1,1,pass,pass
285,0,0,assertion_error,assertion_error
286,0,0,name_error,assertion_error
287,1,1,pass,pass
288,0,0,assertion_error,assertion_error
289,0,0,assertion_error,assertion_error
290,0,1,assertion_error,pass
291,1,0,pass,assertion_error
292,1,1,pass,pass
293,1,1,pass,pass
294,0,0,runtime_error,runtime_error
295,0,0,assertion_error,assertion_error
296,1,1,pass,pass
297,0,1,runtime_error,pass
298,1,1,pass,pass
299,0,0,assertion_error,assertion_error
300,0,0,assertion_error,assertion_error
301,0,0,runtime_error,runtime_error
302,1,1,pass,pass
303,0,0,assertion_error,assertion_error
304,0,0,assertion_error,runtime_error
305,0,0,assertion_error,assertion_error
306,0,0,assertion_error,assertion_error
307,0,0,runtime_error,assertion_error
308,1,1,pass,pass
309,1,1,pass,pass
310,0,0,assertion_error,assertion_error
311,0,0,assertion_error,assertion_error
312,0,0,assertion_error,assertion_error
313,0,0,assertion_error,assertion_error
314,0,0,assertion_error,runtime_error
315,0,0,assertion_error,assertion_error
316,0,1,assertion_error,pass
317,0,0,assertion_error,assertion_error
318,0,0,assertion_error,assertion_error
319,1,1,pass,pass
320,0,0,assertion_error,assertion_error
321,0,0,assertion_error,assertion_error
322,1,1,pass,pass
323,0,0,assertion_error,assertion_error
324,0,0,runtime_error,runtime_error
325,1,1,pass,pass
326,0,0,runtime_error,runtime_error
327,1,1,pass,pass
328,0,0,assertion_error,assertion_error
329,1,1,pass,pass
330,1,1,pass,pass
331,0,0,assertion_error,assertion_error
332,1,1,pass,pass
333,1,1,pass,pass
334,1,1,pass,pass
335,0,1,assertion_error,pass
336,1,1,pass,pass
337,0,0,assertion_error,assertion_error
338,0,0,assertion_error,assertion_error
339,0,0,assertion_error,assertion_error
340,1,0,pass,assertion_error
341,1,1,pass,pass
342,0,0,assertion_error,assertion_error
343,0,0,assertion_error,assertion_error
344,0,0,assertion_error,assertion_error
345,1,1,pass,pass
346,0,0,assertion_error,assertion_error
347,0,0,assertion_error,assertion_error
348,0,0,assertion_error,assertion_error
349,0,1,assertion_error,pass
350,0,0,assertion_error,assertion_error
351,0,0,assertion_error,assertion_error
352,0,0,name_error,name_error
353,0,0,assertion_error,assertion_error
354,0,0,assertion_error,assertion_error
355,0,0,assertion_error,assertion_error
356,1,1,pass,pass
357,1,1,pass,pass
358,1,1,pass,pass
359,0,0,assertion_error,assertion_error
360,0,0,assertion_error,assertion_error
361,1,1,pass,pass
362,0,0,assertion_error,assertion_error
363,0,0,runtime_error,runtime_error
364,0,0,assertion_error,assertion_error
365,1,1,pass,pass
366,1,1,pass,pass
367,0,0,name_error,name_error
368,1,1,pass,pass
369,0,0,assertion_error,assertion_error
370,0,0,assertion_error,assertion_error
371,0,0,assertion_error,assertion_error
372,1,1,pass,pass
373,1,1,pass,pass
374,0,0,assertion_error,assertion_error
375,1,1,pass,pass
376,0,1,assertion_error,pass
377,1,1,pass,pass
378,0,0,assertion_error,assertion_error
379,1,1,pass,pass
380,0,0,name_error,assertion_error
381,1,1,pass,pass
382,1,1,pass,pass
383,0,0,assertion_error,assertion_error
384,1,1,pass,pass
385,0,0,assertion_error,assertion_error
386,0,0,assertion_error,assertion_error
387,1,1,pass,pass
388,1,0,pass,assertion_error
389,1,1,pass,pass
390,1,0,pass,assertion_error
391,0,0,assertion_error,assertion_error
392,0,1,runtime_error,pass
393,1,1,pass,pass
394,0,0,assertion_error,assertion_error
395,1,1,pass,pass
396,0,0,assertion_error,assertion_error
397,1,1,pass,pass
398,0,0,runtime_error,runtime_error
399,1,1,pass,pass
400,1,0,pass,assertion_error
401,1,1,pass,pass
402,0,0,name_error,assertion_error
403,1,1,pass,pass
404,1,1,pass,pass
405,1,1,pass,pass
406,1,1,pass,pass
407,0,0,assertion_error,assertion_error
408,0,0,assertion_error,assertion_error
409,1,1,pass,pass
410,0,0,runtime_error,runtime_error
411,1,0,pass,assertion_error
412,1,1,pass,pass
413,1,0,pass,assertion_error
414,1,1,pass,pass
415,0,0,assertion_error,assertion_error
416,0,0,assertion_error,assertion_error
417,0,0,assertion_error,runtime_error
418,1,1,pass,pass
419,1,1,pass,pass
420,0,0,assertion_error,assertion_error
421,0,0,assertion_error,assertion_error
422,1,1,pass,pass
423,0,0,runtime_error,assertion_error
424,1,1,pass,pass
425,1,1,pass,pass
426,1,1,pass,pass
427,1,1,pass,pass
428,0,0,assertion_error,assertion_error
429,1,1,pass,pass
430,0,0,assertion_error,assertion_error
431,0,0,assertion_error,assertion_error
432,0,0,runtime_error,assertion_error
433,0,0,assertion_error,assertion_error
434,0,0,assertion_error,assertion_error
435,1,1,pass,pass
436,0,0,assertion_error,assertion_error
437,0,0,assertion_error,runtime_error
438,0,0,assertion_error,assertion_error
439,1,1,pass,pass
440,0,0,assertion_error,name_error
441,1,1,pass,pass
442,0,0,assertion_error,assertion_error
443,0,0,assertion_error,assertion_error
444,0,0,assertion_error,assertion_error
445,0,0,runtime_error,runtime_error
446,1,1,pass,pass
447,0,1,runtime_error,pass
448,0,0,assertion_error,assertion_error
449,0,1,assertion_error,pass
450,1,1,pass,pass
451,1,1,pass,pass
452,0,0,assertion_error,assertion_error
453,1,0,pass,assertion_error
454,0,0,assertion_error,assertion_error
455,1,1,pass,pass
456,1,1,pass,pass
457,1,1,pass,pass
458,1,1,pass,pass
459,1,1,pass,pass
460,1,1,pass,pass
461,0,0,assertion_error,assertion_error
462,0,0,assertion_error,assertion_error
463,1,1,pass,pass
464,1,1,pass,pass
465,1,1,pass,pass
466,0,0,assertion_error,assertion_error
467,0,0,assertion_error,assertion_error
468,1,0,pass,assertion_error
469,0,0,assertion_error,assertion_error
470,1,0,pass,runtime_error
471,0,0,assertion_error,runtime_error
472,1,1,pass,pass
473,0,0,assertion_error,assertion_error
474,1,1,pass,pass
475,1,1,pass,pass
476,1,1,pass,pass
477,1,1,pass,pass
478,1,1,pass,pass
479,1,1,pass,pass
480,0,1,assertion_error,pass
481,0,1,runtime_error,pass
482,0,0,assertion_error,assertion_error
483,0,0,name_error,name_error
484,1,1,pass,pass
485,0,0,assertion_error,assertion_error
486,0,1,assertion_error,pass
487,1,1,pass,pass
488,0,0,name_error,name_error
489,1,1,pass,pass
490,0,0,assertion_error,assertion_error
491,1,1,pass,pass
492,1,1,pass,pass
493,0,0,name_error,name_error
494,0,0,assertion_error,assertion_error
495,1,1,pass,pass
496,1,1,pass,pass
497,0,0,assertion_error,assertion_error
498,1,1,pass,pass
499,1,1,pass,pass
500,0,0,assertion_error,assertion_error
501,0,0,name_error,name_error
502,1,1,pass,pass
503,1,1,pass,pass
504,0,0,assertion_error,name_error
505,0,1,assertion_error,pass
506,0,0,assertion_error,assertion_error
507,1,1,pass,pass
508,0,0,assertion_error,assertion_error
509,1,0,pass,name_error
510,0,0,syntax_error,assertion_error
511,0,0,assertion_error,assertion_error
512,0,0,assertion_error,assertion_error
513,0,0,runtime_error,runtime_error
514,1,1,pass,pass
515,0,0,assertion_error,assertion_error
516,0,0,assertion_error,assertion_error
517,1,1,pass,pass
518,1,1,pass,pass
519,0,0,assertion_error,assertion_error
520,0,1,assertion_error,pass
521,0,0,assertion_error,assertion_error
522,0,0,name_error,name_error
523,0,0,assertion_error,assertion_error
524,1,1,pass,pass
525,1,0,pass,assertion_error
526,0,0,assertion_error,assertion_error
527,0,0,assertion_error,assertion_error
528,1,1,pass,pass
529,0,0,assertion_error,assertion_error
530,0,0,assertion_error,assertion_error
531,0,0,runtime_error,assertion_error
532,1,1,pass,pass
533,0,0,assertion_error,assertion_error
534,0,0,assertion_error,assertion_error
535,0,0,assertion_error,runtime_error
536,0,0,assertion_error,assertion_error
537,0,0,assertion_error,assertion_error
538,0,0,assertion_error,assertion_error
539,1,1,pass,pass
540,0,0,assertion_error,assertion_error
541,1,1,pass,pass
542,1,1,pass,pass
543,1,1,pass,pass
544,0,0,assertion_error,assertion_error
545,0,0,assertion_error,assertion_error
546,0,0,name_error,name_error
547,0,0,assertion_error,assertion_error
548,1,1,pass,pass
549,1,1,pass,pass
550,0,0,assertion_error,runtime_error
551,1,1,pass,pass
552,0,0,assertion_error,assertion_error
553,0,0,assertion_error,assertion_error
554,1,1,pass,pass
555,0,0,assertion_error,assertion_error
556,1,1,pass,pass
557,1,1,pass,pass
558,0,0,assertion_error,assertion_error
559,1,0,pass,assertion_error
560,1,1,pass,pass
561,0,0,assertion_error,assertion_error
562,1,1,pass,pass
563,0,0,assertion_error,assertion_error
564,1,1,pass,pass
565,1,1,pass,pass
566,1,1,pass,pass
567,1,1,pass,pass
568,1,1,pass,pass
569,1,1,pass,pass
570,0,0,assertion_error,assertion_error
571,0,0,assertion_error,assertion_error
572,0,0,assertion_error,assertion_error
573,0,0,name_error,name_error
574,0,0,assertion_error,assertion_error
575,0,0,runtime_error,assertion_error
576,1,0,pass,assertion_error
577,0,1,assertion_error,pass
578,1,1,pass,pass
579,1,1,pass,pass
580,0,0,assertion_error,runtime_error
581,0,0,assertion_error,assertion_error
582,1,1,pass,pass
583,0,0,name_error,assertion_error
584,0,0,name_error,name_error
585,1,1,pass,pass
586,0,0,assertion_error,assertion_error
587,1,1,pass,pass
588,1,1,pass,pass
589,0,0,name_error,assertion_error
590,0,0,name_error,assertion_error
591,1,1,pass,pass
592,0,0,assertion_error,name_error
593,0,0,assertion_error,assertion_error
594,0,0,assertion_error,assertion_error
595,0,0,assertion_error,assertion_error
596,1,0,pass,name_error
597,1,1,pass,pass
598,1,1,pass,pass
599,0,0,assertion_error,assertion_error
600,1,1,pass,pass
601,0,0,name_error,name_error
602,0,0,assertion_error,assertion_error
603,0,0,assertion_error,assertion_error
604,1,1,pass,pass
605,1,1,pass,pass
606,1,1,pass,pass
607,1,1,pass,pass
608,0,0,assertion_error,name_error
609,0,0,assertion_error,assertion_error
610,1,0,pass,assertion_error
611,1,0,pass,assertion_error
612,0,0,assertion_error,assertion_error
613,0,0,assertion_error,assertion_error
614,1,1,pass,pass
615,0,0,assertion_error,name_error
616,1,1,pass,pass
617,0,0,assertion_error,assertion_error
618,0,1,assertion_error,pass
619,0,0,assertion_error,assertion_error
620,0,0,assertion_error,assertion_error
621,0,0,runtime_error,runtime_error
622,0,0,assertion_error,assertion_error
623,1,1,pass,pass
624,0,0,assertion_error,assertion_error
625,1,1,pass,pass
626,0,0,assertion_error,assertion_error
627,1,1,pass,pass
628,0,0,assertion_error,assertion_error
629,1,1,pass,pass
630,1,1,pass,pass
631,1,1,pass,pass
632,0,0,assertion_error,assertion_error
633,0,0,assertion_error,name_error
634,1,1,pass,pass
635,1,0,pass,name_error
636,0,0,assertion_error,assertion_error
637,1,1,pass,pass
638,0,0,assertion_error,assertion_error
639,1,1,pass,pass
640,0,0,assertion_error,assertion_error
641,0,0,assertion_error,assertion_error
642,0,0,assertion_error,assertion_error
643,0,0,assertion_error,assertion_error
644,0,1,assertion_error,pass
645,0,0,assertion_error,assertion_error
646,1,0,pass,assertion_error
647,0,0,name_error,assertion_error
648,0,0,assertion_error,assertion_error
649,1,1,pass,pass
650,0,0,assertion_error,assertion_error
651,0,0,assertion_error,assertion_error
652,0,0,assertion_error,assertion_error
653,0,0,assertion_error,assertion_error
654,1,1,pass,pass
655,1,1,pass,pass
656,1,0,pass,assertion_error
657,0,0,name_error,name_error
658,1,1,pass,pass
659,0,0,assertion_error,assertion_error
660,0,0,assertion_error,assertion_error
661,0,0,assertion_error,assertion_error
662,1,1,pass,pass
663,0,0,assertion_error,assertion_error
664,1,1,pass,pass
665,1,1,pass,pass
666,1,1,pass,pass
667,1,1,pass,pass
668,0,0,assertion_error,assertion_error
669,0,0,assertion_error,assertion_error
670,0,0,assertion_error,assertion_error
671,0,0,assertion_error,assertion_error
672,1,1,pass,pass
673,1,1,pass,pass
674,1,1,pass,pass
675,1,0,pass,assertion_error
676,1,1,pass,pass
677,0,0,assertion_error,assertion_error
678,1,1,pass,pass
679,0,0,assertion_error,runtime_error
680,1,1,pass,pass
681,1,0,pass,name_error
682,1,1,pass,pass
683,0,0,assertion_error,assertion_error
684,0,0,assertion_error,assertion_error
685,0,1,assertion_error,pass
686,0,0,assertion_error,assertion_error
687,1,1,pass,pass
688,1,1,pass,pass
689,1,0,pass,assertion_error
690,1,1,pass,pass
691,0,1,assertion_error,pass
692,0,0,name_error,name_error
693,1,1,pass,pass
694,0,0,assertion_error,assertion_error
695,0,0,assertion_error,assertion_error
696,0,0,runtime_error,name_error
697,1,1,pass,pass
698,1,1,pass,pass
699,0,0,assertion_error,assertion_error
700,1,1,pass,pass
701,0,0,assertion_error,assertion_error
702,0,0,runtime_error,assertion_error
703,1,1,pass,pass
704,0,0,assertion_error,assertion_error
705,1,1,pass,pass
706,1,1,pass,pass
707,1,0,pass,assertion_error
708,1,1,pass,pass
709,0,0,assertion_error,assertion_error
710,1,1,pass,pass
711,1,0,pass,assertion_error
712,0,0,assertion_error,assertion_error
713,0,0,assertion_error,assertion_error
714,0,0,assertion_error,assertion_error
715,1,1,pass,pass
716,1,1,pass,pass
717,0,0,assertion_error,assertion_error
718,1,1,pass,pass
719,0,0,assertion_error,assertion_error
720,1,1,pass,pass
721,0,0,runtime_error,assertion_error
722,0,0,assertion_error,assertion_error
723,1,1,pass,pass
724,1,1,pass,pass
725,1,1,pass,pass
726,1,1,pass,pass
727,1,1,pass,pass
728,1,1,pass,pass
729,1,1,pass,pass
730,1,1,pass,pass
731,0,0,assertion_error,assertion_error
732,1,1,pass,pass
733,1,1,pass,pass
734,0,0,assertion_error,name_error
735,0,0,assertion_error,assertion_error
736,1,1,pass,pass
737,0,1,assertion_error,pass
738,0,0,assertion_error,assertion_error
739,0,0,assertion_error,assertion_error
740,0,0,assertion_error,assertion_error
741,1,0,pass,name_error
742,0,0,name_error,name_error
743,0,0,assertion_error,assertion_error
744,1,1,pass,pass
745,1,1,pass,pass
746,0,0,assertion_error,assertion_error
747,1,1,pass,pass
748,0,0,assertion_error,assertion_error
749,0,0,assertion_error,assertion_error
750,0,0,assertion_error,assertion_error
751,0,0,assertion_error,timeout
752,1,0,pass,assertion_error
753,1,1,pass,pass
754,0,0,assertion_error,assertion_error
755,0,0,assertion_error,assertion_error
756,0,0,assertion_error,assertion_error
757,0,0,assertion_error,assertion_error
758,1,0,pass,runtime_error
759,0,1,assertion_error,pass
760,1,0,pass,runtime_error
761,0,0,assertion_error,assertion_error
762,1,1,pass,pass
763,0,0,runtime_error,runtime_error
764,1,1,pass,pass
765,0,0,assertion_error,assertion_error
766,1,1,pass,pass
767,0,0,assertion_error,assertion_error
768,1,1,pass,pass
769,0,0,assertion_error,assertion_error
770,1,1,pass,pass
771,0,0,runtime_error,runtime_error
772,1,1,pass,pass
773,0,0,assertion_error,assertion_error
774,0,1,assertion_error,pass
775,0,0,assertion_error,assertion_error
776,0,0,assertion_error,assertion_error
777,1,1,pass,pass
778,0,0,assertion_error,assertion_error
779,1,0,pass,runtime_error
780,0,1,assertion_error,pass
781,0,0,assertion_error,name_error
782,0,0,syntax_error,syntax_error
783,0,0,assertion_error,assertion_error
784,0,0,assertion_error,assertion_error
785,1,1,pass,pass
786,1,1,pass,pass
787,0,0,assertion_error,assertion_error
788,1,0,pass,runtime_error
789,1,1,pass,pass
790,0,0,assertion_error,assertion_error
791,1,0,pass,assertion_error
792,1,1,pass,pass
793,0,0,runtime_error,runtime_error
794,0,0,assertion_error,assertion_error
795,1,1,pass,pass
796,1,1,pass,pass
797,1,1,pass,pass
798,1,1,pass,pass
799,0,0,name_error,name_error
800,1,1,pass,pass
801,0,0,assertion_error,assertion_error
802,0,1,assertion_error,pass
803,1,1,pass,pass
804,0,0,assertion_error,assertion_error
805,1,1,pass,pass
806,0,0,assertion_error,assertion_error
807,1,1,pass,pass
808,1,1,pass,pass
809,0,0,assertion_error,assertion_error
810,0,0,assertion_error,assertion_error
811,1,1,pass,pass
812,0,0,assertion_error,assertion_error
813,1,1,pass,pass
814,1,1,pass,pass
815,0,0,assertion_error,assertion_error
816,1,1,pass,pass
817,1,1,pass,pass
818,1,1,pass,pass
819,0,0,assertion_error,assertion_error
820,1,0,pass,assertion_error
821,1,1,pass,pass
822,0,0,assertion_error,assertion_error
823,0,0,assertion_error,assertion_error
824,1,1,pass,pass
825,1,1,pass,pass
826,0,0,assertion_error,assertion_error
827,1,1,pass,pass
828,1,1,pass,pass
829,0,0,assertion_error,assertion_error
830,0,0,assertion_error,assertion_error
831,1,0,pass,assertion_error
832,1,1,pass,pass
833,1,1,pass,pass
834,1,1,pass,pass
835,1,1,pass,pass
836,0,0,assertion_error,assertion_error
837,1,1,pass,pass
838,0,0,assertion_error,assertion_error
839,1,1,pass,pass
840,0,0,assertion_error,assertion_error
841,1,1,pass,pass
842,1,1,pass,pass
843,0,0,assertion_error,runtime_error
844,0,0,assertion_error,assertion_error
845,0,0,name_error,name_error
846,0,0,assertion_error,assertion_error
847,1,1,pass,pass
848,1,1,pass,pass
849,0,0,assertion_error,name_error
850,0,0,assertion_error,name_error
851,0,0,assertion_error,assertion_error
852,1,1,pass,pass
853,0,0,name_error,name_error
854,0,0,assertion_error,assertion_error
855,1,1,pass,pass
856,0,0,assertion_error,assertion_error
857,0,0,assertion_error,assertion_error
858,1,1,pass,pass
859,0,0,assertion_error,name_error
860,1,0,pass,assertion_error
861,1,1,pass,pass
862,0,1,assertion_error,pass
863,0,0,assertion_error,assertion_error
864,1,1,pass,pass
865,1,1,pass,pass
866,1,1,pass,pass
867,0,0,assertion_error,assertion_error
868,0,0,runtime_error,runtime_error
869,0,0,assertion_error,assertion_error
870,1,1,pass,pass
871,1,1,pass,pass
872,0,1,assertion_error,pass
873,1,1,pass,pass
874,0,0,assertion_error,assertion_error
875,1,1,pass,pass
876,0,0,name_error,name_error
877,1,1,pass,pass
878,0,0,assertion_error,assertion_error
879,0,0,assertion_error,assertion_error
880,0,0,assertion_error,assertion_error
881,0,0,assertion_error,assertion_error
882,0,0,assertion_error,assertion_error
883,1,1,pass,pass
884,0,0,assertion_error,assertion_error
885,0,0,name_error,name_error
886,1,1,pass,pass
887,1,1,pass,pass
888,1,1,pass,pass
889,0,1,runtime_error,pass
890,0,0,runtime_error,assertion_error
891,1,1,pass,pass
892,1,1,pass,pass
893,1,1,pass,pass
894,1,1,pass,pass
895,0,0,assertion_error,assertion_error
896,1,1,pass,pass
897,1,1,pass,pass
898,0,0,assertion_error,assertion_error
899,0,0,assertion_error,assertion_error
900,1,0,pass,assertion_error
901,0,0,assertion_error,assertion_error
902,1,1,pass,pass
903,0,0,assertion_error,assertion_error
904,1,1,pass,pass
905,0,0,assertion_error,assertion_error
906,0,0,assertion_error,assertion_error
907,0,0,assertion_error,assertion_error
908,0,0,runtime_error,runtime_error
909,1,1,pass,pass
910,0,0,assertion_error,assertion_error
911,1,1,pass,pass
912,0,0,assertion_error,assertion_error
913,1,1,pass,pass
914,1,0,pass,assertion_error
915,0,0,assertion_error,assertion_error
916,0,0,assertion_error,assertion_error
917,0,0,assertion_error,assertion_error
918,0,0,runtime_error,runtime_error
919,0,0,assertion_error,name_error
920,0,0,assertion_error,assertion_error
921,1,1,pass,pass
922,0,0,assertion_error,assertion_error
923,1,0,pass,assertion_error
924,1,1,pass,pass
925,0,0,name_error,name_error
926,0,0,assertion_error,assertion_error
927,0,0,name_error,name_error
928,0,0,assertion_error,assertion_error
929,1,1,pass,pass
930,0,0,assertion_error,assertion_error
931,0,0,assertion_error,assertion_error
932,0,0,assertion_error,assertion_error
933,0,1,assertion_error,pass
934,0,0,assertion_error,assertion_error
935,1,1,pass,pass
936,0,0,runtime_error,assertion_error
937,1,1,pass,pass
938,0,0,assertion_error,assertion_error
939,0,0,assertion_error,assertion_error
940,0,0,name_error,assertion_error
941,1,1,pass,pass
942,0,0,assertion_error,assertion_error
943,1,1,pass,pass
944,0,0,assertion_error,assertion_error
945,1,1,pass,pass
946,0,1,assertion_error,pass
947,1,1,pass,pass
948,1,1,pass,pass
949,0,0,runtime_error,assertion_error
950,0,0,assertion_error,assertion_error
951,1,0,pass,name_error
952,0,0,name_error,assertion_error
953,0,0,assertion_error,assertion_error
954,1,1,pass,pass
955,1,1,pass,pass
956,1,0,pass,assertion_error
957,0,0,assertion_error,assertion_error
958,0,1,assertion_error,pass
959,1,1,pass,pass
960,0,0,assertion_error,assertion_error
961,0,0,assertion_error,assertion_error
962,1,1,pass,pass
963,0,0,assertion_error,assertion_error
964,1,1,pass,pass
965,0,0,assertion_error,assertion_error
966,1,1,pass,pass
967,0,0,assertion_error,assertion_error
968,0,0,assertion_error,assertion_error
969,0,0,assertion_error,assertion_error
970,1,1,pass,pass
971,0,0,assertion_error,assertion_error
972,0,0,assertion_error,assertion_error
973,1,1,pass,pass
974,1,1,pass,pass
